cod_istat,cod_zona,comune
"001305","E046","VILLAR FOCCHIARDO"
"001022","E047","BARDONECCHIA"
"001074","E047","CESANA TORINESE"
"001080","E047","CHIOMONTE"
"001087","E047","CLAVIERE"
"001100","E047","EXILLES"
"001114","E047","GIAGLIONE"
"001117","E047","GRAVERE"
"001147","E047","MATTIE"
"001149","E047","MEANA DI SUSA"
"001154","E047","MOMPANTERO"
"001157","E047","MONCENISIO"
"001169","E047","NOVALESA"
"001175","E047","OULX"
"001232","E047","SALBERTRAND"
"001258","E047","SAUZE DI CESANA"
"001259","E047","SAUZE D OULX"
"001263","E047","SESTRIERE"
"001291","E047","VENAUS"
"001003","E048","ALA DI STURA"
"001019","E048","BALME"
"001054","E048","CANTOIRA"
"001072","E048","CERES"
"001075","E048","CHIALAMBERTO"
"001088","E048","COASSOLO TORINESE"
"001113","E048","GERMAGNANO"
"001118","E048","GROSCAVALLO"
"001131","E048","LEMIE"
"001152","E048","MEZZENILE"
"001155","E048","MONASTERO DI LANZO"
"001188","E048","PESSINETTO"
"001279","E048","TRAVES"
"001282","E048","USSEGLIO"
"001313","E048","VIU"
"001016","E049","BALANGERO"
"001046","E049","CAFASSE"
"001128","E049","LANZO TORINESE"
"001086","E050","CIRIE"
"001248","E050","SAN MAURIZIO CANAVESE"
"001021","E051","BARBANIA"
"001094","E051","CORIO"
"001109","E051","FRONT"
"001133","E051","LEVONE"
"001221","E051","ROCCA CANAVESE"
"001290","E051","VAUDA CANAVESE"
"001176","E052","OZEGNA"
"001217","E052","RIVAROLO CANAVESE"
"001043","E053","BUSANO"
"001052","E053","CANISCHIO"
"001098","E053","CUORGNE"
"001101","E053","FAVRIA"
"001107","E053","FORNO CANAVESE"
"001170","E053","OGLIANICO"
"001187","E053","PERTUSIO"
"001206","E053","PRASCORSANO"
"001207","E053","PRATIGLIONE"
"001216","E053","RIVARA"
"001218","E053","RIVAROSSA"
"001231","E053","SALASSA"
"001238","E053","SAN COLOMBANO BELMONTE"
"001251","E053","SAN PONSO"
"001287","E053","VALPERGA"
"001023","E054","BARONE CANAVESE"
"001047","E054","CALUSO"
"001050","E054","CANDIA CANAVESE"
"001083","E054","CICONIO"
"001106","E054","FOGLIZZO"
"001148","E054","MAZZE"
"001150","E054","MERCENASCO"
"001159","E054","MONTALENGHE"
"001161","E054","MONTANARO"
"001172","E054","ORIO CANAVESE"
"001244","E054","SAN GIORGIO CANAVESE"
"001246","E054","SAN GIUSTO CANAVESE"
"001304","E054","VILLAREGIA"
"001311","E054","VISCHE"
"001034","E055","BRANDIZZO"
"001082","E055","CHIVASSO"
"001225","E056","RONDISSONE"
"001273","E056","TORAZZA PIEMONTE"
"001293","E056","VEROLENGO"
"001037","E057","BROZOLO"
"001039","E057","BRUSASCO"
"001060","E057","CASALBORGONE"
"001064","E057","CASTAGNETO PO"
"001069","E057","CAVAGNOLO"
"001129","E057","LAURIANO"
"001162","E057","MONTEU DA PO"
"001253","E057","SAN SEBASTIANO DA PO"
"001294","E057","VERRUA SAVOIA"
"001007","E058","ALPETTE"
"001073","E058","CERESOLE REALE"
"001108","E058","FRASSINETTO"
"001121","E058","INGRIA"
"001134","E058","LOCANA"
"001165","E058","NOASCA"
"001199","E058","PONT CANAVESE"
"001212","E058","RIBORDONE"
"001224","E058","RONCO CANAVESE"
"001267","E058","SPARONE"
"001288","E058","VALPRATO SOANA"
"001001","E059","AGLIE"
"001015","E059","BAIRO"
"001029","E059","BORGIALLO"
"001066","E059","CASTELLAMONTE"
"001067","E059","CASTELNUOVO NIGRA"
"001079","E059","CHIESANUOVA"
"001084","E059","CINTANO"
"001091","E059","COLLERETTO CASTELNUOVO"
"001125","E060","IVREA"
"001004","E061","ALBIANO D IVREA"
"001014","E061","AZEGLIO"
"001027","E061","BOLLENGO"
"001031","E061","BORGOMASINO"
"001056","E061","CARAVINO"
"001095","E061","COSSANO CANAVESE"
"001143","E061","MAGLIONE"
"001177","E061","PALAZZO CANAVESE"
"001196","E061","PIVERONE"
"001264","E061","SETTIMO ROTTARO"
"001295","E061","VESTIGNE"
"001005","E062","ALICE SUPERIORE"
"001010","E062","ANDRATE"
"001017","E062","BALDISSERO CANAVESE"
"001036","E062","BROSSO"
"001057","E062","CAREMA"
"001096","E062","CUCEGLIO"
"001124","E062","ISSIGLIO"
"001138","E062","LUGNACCO"
"001151","E062","MEUGLIANO"
"001167","E062","NOMAGLIO"
"001182","E062","PECCO"
"001185","E062","PEROSA CANAVESE"
"001210","E062","QUINCINETTO"
"001230","E062","RUEGLIO"
"001247","E062","SAN MARTINO CANAVESE"
"001266","E062","SETTIMO VITTONE"
"001268","E062","STRAMBINELLO"
"001271","E062","TAVAGNASCO"
"001272","T000","TORINO"
"001120","C002","GRUGLIASCO"
"001090","C003","COLLEGNO"
"001292","C004","VENARIA"
"001028","C005","BORGARO TORINESE"
"001265","C006","SETTIMO TORINESE"
"001249","C007","SAN MAURO TORINESE"
"001192","C008","PINO TORINESE"
"001156","C009","MONCALIERI"
"001183","C010","PECETTO TORINESE"
"001164","C011","NICHELINO"
"001051","C012","CANDIOLO"
"001024","C013","BEINASCO"
"001171","C014","ORBASSANO"
"001214","C015","RIVALTA DI TORINO"
"001219","C016","RIVOLI"
"001008","C017","ALPIGNANO"
"001189","C018","PIANEZZA"
"001099","C019","DRUENTO"
"001130","C020","LEINI"
"001078","C021","CHIERI"
"001280","C022","TROFARELLO"
"001048","C023","CAMBIANO"
"001257","C024","SANTENA"
"001063","C064","CASELLE TORINESE"
"001314","C065","VOLPIANO"
"001018","C066","BALDISSERO TORINESE"
"001127","C067","LA LOGGIA"
"001058","C068","CARIGNANO"
"001309","C069","VINOVO"
"001193","C070","PIOBESI TORINESE"
"001194","C071","PIOSSASCO"
"001065","E025","CASTAGNOLE PIEMONTE"
"001136","E025","LOMBRIASCO"
"001174","E025","OSASIO"
"001178","E025","PANCALIERI"
"001310","E025","VIRLE PIEMONTE"
"001168","E026","NONE"
"001315","E026","VOLVERA"
"001053","E027","CANTALUPA"
"001097","E027","CUMIANA"
"001110","E027","FROSSASCO"
"001222","E027","ROLETTO"
"001038","E028","BRUINO"
"001089","E028","COAZZE"
"001115","E028","GIAVENO"
"001211","E028","REANO"
"001241","E028","SANGANO"
"001276","E028","TRANA"
"001285","E028","VALGIOIE"
"001302","E028","VILLARBASSE"
"001013","E030","AVIGLIANA"
"001045","E030","BUTTIGLIERA  ALTA"
"001228","E030","ROSTA"
"001062","E031","CASELETTE"
"001116","E031","GIVOLETTO"
"001126","E031","LA CASSA"
"001243","E031","SAN GILLIO"
"001284","E031","VAL DELLA TORRE"
"001104","E032","FIANO"
"001220","E032","ROBASSOMERO"
"001286","E032","VALLO TORINESE"
"001289","E032","VARISELLA"
"001033","E034","BOSCONERO"
"001102","E034","FELETTO"
"001135","E034","LOMBARDORE"
"001141","E034","LUSIGLIE"
"001236","E034","SAN BENIGNO CANAVESE"
"001068","E035","CASTIGLIONE TORINESE"
"001085","E035","CINZANO"
"001112","E035","GASSINO TORINESE"
"001213","E035","RIVALBA"
"001252","E035","SAN RAFFAELE CIMENA"
"001262","E035","SCIOLZE"
"001009","E036","ANDEZENO"
"001012","E036","ARIGNANO"
"001144","E036","MARENTINO"
"001153","E036","MONBELLO DI TORINO"
"001158","E036","MONTALDO TORINESE"
"001163","E036","MORIONDO TORINESE"
"001180","E036","PAVAROLO"
"001215","E036","RIVA PRESSO CHIERI"
"001123","E037","ISOLABELLA"
"001197","E037","POIRINO"
"001203","E037","PRALORMO"
"001059","E038","CARMAGNOLA"
"001308","E038","VILLASTELLONE"
"001002","E039","AIRASCA"
"001071","E039","CERCENASCO"
"001195","E039","PISCINA"
"001260","E039","SCALENGHE"
"001299","E039","VIGONE"
"001300","E039","VILLAFRANCA PIEMONTE"
"001191","E040","PINEROLO"
"001041","E041","BURIASCO"
"001070","E041","CAVOUR"
"001111","E041","GARZIGLIANA"
"001142","E041","MACELLO"
"001035","E042","BRICHERASIO"
"001049","E042","CAMPIGLIONE FENILE"
"001173","E042","OSASCO"
"001205","E042","PRAROSTINO"
"001254","E042","SAN SECONDO DI PINEROLO"
"001011","E043","ANGROGNA"
"001025","E043","BIBIANA"
"001026","E043","BOBBIO PELLICE"
"001139","E043","LUSERNA SAN GIOVANNI"
"001140","E043","LUSERNETTA"
"001226","E043","RORA"
"001275","E043","TORRE PELLICE"
"001306","E043","VILLAR PELLICE"
"001103","E044","FENESTRELLE"
"001122","E044","INVERSO PINASCA"
"001145","E044","MASSELLO"
"001184","E044","PEROSA ARGENTINA"
"001186","E044","PERRERO"
"001190","E044","PINASCA"
"001198","E044","POMARETTO"
"001200","E044","PORTE"
"001201","E044","PRAGELATO"
"001202","E044","PRALI"
"001204","E044","PRAMOLLO"
"001227","E044","RORETO CHISONE"
"001234","E044","SALZA DI PINEROLO"
"001242","E044","SAN GERMANO CHISONE"
"001250","E044","SAN PIETRO VAL LEMINA"
"001281","E044","USSEAUX"
"001307","E044","VILLAR PEROSA"
"001044","E045","BUSSOLENO"
"001270","E045","SUSA"
"001006","E046","ALMESE"
"001032","E046","BORGONE SUSA"
"001040","E046","BRUZOLO"
"001055","E046","CAPRIE"
"001076","E046","CHIANOCCO"
"001081","E046","CHIUSA DI SAN MICHELE"
"001093","E046","CONDOVE"
"001229","E046","RUBIANA"
"001239","E046","SAN DIDERO"
"001245","E046","SAN GIORIO DI SUSA"
"001255","E046","SANT AMBROGIO DI TORINO"
"001256","E046","SANT ANTONINO DI SUSA"
"001283","E046","VAIE"
"001303","E046","VILLAR DORA"
"001274","E062","TORRE CANAVESE"
"001277","E062","TRAUSELLA"
"001278","E062","TRAVERSELLA"
"001296","E062","VIALFRE"
"001297","E062","VICO CANAVESE"
"001298","E062","VIDRACCO"
"001312","E062","VISTRORIO"
"001119","E063","GROSSO"
"001146","E063","MATHI"
"001166","E063","NOLE"
"001237","E063","SAN CARLO CANAVESE"
"001240","E063","SAN FRANCESCO AL CAMPO"
"001301","E063","VILLANOVA CANAVESE"
"001030","E072","BORGOFRANCO D'IVREA"
"001042","E072","BUROLO"
"001061","E072","CASCINETTE D IVREA"
"001077","E072","CHIAVERANO"
"001132","E072","LESSOLO"
"001160","E072","MONTALTO DORA"
"001209","E072","QUASSOLO"
"001020","E073","BANCHETTE"
"001092","E073","COLLERETTO GIACOSA"
"001105","E073","FIORANO CANAVESE"
"001137","E073","LORANZE"
"001179","E073","PARELLA"
"001181","E073","PAVONE CANAVESE"
"001208","E073","QUAGLIUZZO"
"001233","E073","SALERANO CANAVESE"
"001235","E073","SAMONE"
"001223","E074","ROMANO CANAVESE"
"001261","E074","SCARMAGNO"
"001269","E074","STRAMBINO"
"002158","R200","VERCELLI"
"002049","R201","CRESCENTINO"
"002058","R201","FONTANETTO PO"
"002067","R201","LAMPORO"
"002128","R201","SALUGGIA"
"002017","R202","BORGO VERCELLI"
"002031","R202","CARESANABLOT"
"002033","R202","CASANOVA ELVO"
"002045","R202","COLLOBIANO"
"002059","R202","FORMIGLIANA"
"002088","R202","OLCENENGO"
"002089","R202","OLDENICO"
"002108","R202","QUINTO VERCELLESE"
"002164","R202","VILLATA"
"002007","R203","ASIGLIANO VERCELLESE"
"002030","R203","CARESANA"
"002047","R203","COSTANZANA"
"002054","R203","DESANA"
"002070","R203","LIGNANA"
"002082","R203","MOTTA DEI CONTI"
"002091","R203","PERTENGO"
"002093","R203","PEZZANA"
"002104","R203","PRAROLO"
"002115","R203","RIVE"
"002118","R203","RONSECCO"
"002127","R203","SALI VERCELLESE"
"002142","R203","STROPPIANA"
"002147","R203","TRICERRO"
"002003","R204","ALBANO VERCELLESE"
"002006","R204","ARBORIO"
"002009","R204","BALOCCO"
"002021","R204","BURONZO"
"002032","R204","CARISIO"
"002035","R204","SAN GIACOMO VERCELLESE"
"002062","R204","GHISLARENGO"
"002065","R204","GREGGIO"
"002068","R204","LENTA"
"002122","R204","ROVASENDA"
"002163","R204","VILLARBOIT"
"002004","R205","ALICE CASTELLO"
"002011","R205","BIANZE"
"002015","R205","BORGO D ALE"
"002042","R205","CIGLIANO"
"002052","R205","CROVA"
"002071","R205","LIVORNO FERRARIS"
"002079","R205","MONCRIVELLO"
"002126","R205","SALASCO"
"002131","R205","SAN GERMANO VERCELLESE"
"002150","R205","TRONZANO VERCELLESE"
"002002","R207","ALAGNA VALSESIA"
"002008","R207","BALMUCCIA"
"002014","R207","BOCCIOLETO"
"002025","R207","CAMPERTOGNO"
"002029","R207","CARCOFORO"
"002078","R207","MOLLIA"
"002096","R207","PILA"
"002097","R207","PIODE"
"002102","R207","POSTUA"
"002110","R207","RASSA"
"002111","R207","RIMA SAN GIUSEPPE"
"002112","R207","RIMASCO"
"002114","R207","RIVA VALDOBBIA"
"002121","R207","ROSSA"
"002134","R207","SCOPA"
"002135","R207","SCOPELLO"
"002041","R208","CERVATTO"
"002043","R208","CIVIASCO"
"002048","R208","CRAVAGLIANA"
"002057","R208","FOBELLO"
"002113","R208","RIMELLA"
"002123","R208","SABBIA"
"002156","R208","VARALLO"
"002166","R208","VOCCA"
"002019","R209","BREIA"
"002038","R209","CELLIO"
"002107","R209","QUARONA"
"002152","R209","VALDUGGIA"
"002061","R210","GATTINARA"
"002066","R210","GUARDABOSONE"
"002072","R210","LOZZOLO"
"002116","R210","ROASIO"
"002137","R210","SERRAVALLE SESIA"
"002090","R211","PALAZZOLO VERCELLESE"
"002148","R211","TRINO"
"002016","R212","BORGOSESIA"
"002133","R213","SANTHIA"
"003106","R300","NOVARA"
"003073","R301","GHEMME"
"003079","R301","GRIGNASCO"
"003122","R301","PRATO SESIA"
"003130","R301","ROMAGNANO SESIA"
"003139","R301","SIZZANO"
"003018","R302","BIANDRATE"
"003027","R302","BRIONA"
"003030","R302","CALTIGNAGA"
"003036","R302","CARPIGNANO SESIA"
"003037","R302","CASALBELTRAME"
"003039","R302","CASALEGGIO NOVARA"
"003041","R302","CASALVOLONE"
"003042","R302","CASTELLAZZO NOVARESE"
"003065","R302","FARA NOVARESE"
"003083","R302","LANDIONA"
"003090","R302","MANDELLO VITTA"
"003129","R302","RECETTO"
"003134","R302","SAN NAZZARO SESIA"
"003135","R302","SAN PIETRO MOSEZZO"
"003138","R302","SILLAVENGO"
"003159","R302","VICOLUNGO"
"003023","R303","BORGOLAVEZZARO"
"003040","R303","CASALINO"
"003069","R303","GARBAGNA NOVARESE"
"003077","R303","GRANOZZO CON MONTICELLO"
"003104","R303","NIBBIOLA"
"003144","R303","TERDOBBIATE"
"003146","R303","TORNACO"
"003158","R303","VESPOLATE"
"003164","R303","VINZAGLIO"
"003032","R304","CAMERI"
"003068","R304","GALLIATE"
"003131","R304","ROMENTINO"
"003049","R305","CERANO"
"003141","R305","SOZZAGO"
"003149","R305","TRECATE"
"003012","R306","BARENGO"
"003016","R306","BELLINZAGO NOVARESE"
"003091","R306","MARANO TICINO"
"003097","R306","MEZZOMERICO"
"003100","R306","MOMO"
"003108","R306","OLEGGIO"
"003153","R306","VAPRIO D AGOGNA"
"003025","R307","BORGO TICINO"
"003043","R307","CASTELLETTO SOPRA TICIN"
"003052","R307","COMIGNAGO"
"003060","R307","DIVIGNANO"
"003062","R307","DORMELLETTO"
"003121","R307","POMBIA"
"003154","R307","VARALLO POMBIA"
"003019","R308","BOCA"
"003044","R308","CAVAGLIETTO"
"003045","R308","CAVAGLIO D AGOGNA"
"003047","R308","CAVALLIRIO"
"003055","R308","CRESSA"
"003058","R308","CUREGGIO"
"003066","R308","FONTANETO D AGOGNA"
"003088","R308","MAGGIORA"
"003022","R309","BOLZANO NOVARESE"
"003026","R309","BRIGA NOVARESE"
"003070","R309","GARGALLO"
"003076","R309","GOZZANO"
"003082","R309","INVORIO"
"003109","R309","OLEGGIO CASTELLO"
"003114","R309","PARUZZARO"
"003120","R309","POGNO"
"003140","R309","SORISO"
"003001","R310","AGRATE CONTURBIA"
"003021","R310","BOGOGNO"
"003071","R310","GATTICO"
"003143","R310","SUNO"
"003157","R310","VERUNO"
"003002","R311","AMENO"
"003006","R311","ARMENO"
"003051","R311","COLAZZA"
"003084","R311","LESA"
"003093","R311","MASSINO VISCONTI"
"003095","R311","MEINA"
"003098","R311","MIASINO"
"003103","R311","NEBBIUNO"
"003112","R311","ORTA SAN GIULIO"
"003115","R311","PELLA"
"003116","R311","PETTENASCO"
"003119","R311","PISANO"
"003133","R311","SAN MAURIZIO D OPAGLIO"
"003008","R312","ARONA"
"003024","R313","BORGOMANERO"
"004078","R400","CUNEO"
"004016","R401","BEINETTE"
"004049","R401","CASTELLETTO STURA"
"004118","R401","MARGARITA"
"004136","R401","MONTANERA"
"004144","R401","MOROZZO"
"004061","R402","CENTALLO"
"004225","R402","TARANTASCA"
"004244","R402","VILLAFALLETTO"
"004250","R402","VOTTIGNASCO"
"004001","R403","ACCEGLIO"
"004034","R403","BUSCA"
"004038","R403","CANOSIO"
"004044","R403","CARTIGNANO"
"004060","R403","CELLE DI MACRA"
"004082","R403","DRONERO"
"004083","R403","ELVA"
"004112","R403","MACRA"
"004119","R403","MARMORA"
"004174","R403","PRAZZO"
"004187","R403","ROCCABRUNA"
"004207","R403","SAN DAMIANO MACRA"
"004224","R403","STROPPO"
"004247","R403","VILLAR SAN COSTANZO"
"004022","R404","BERNEZZO"
"004040","R404","CARAGLIO"
"004053","R404","CASTELMAGNO"
"004064","R404","CERVASCA"
"004138","R404","MONTEMALE DI CUNEO"
"004139","R404","MONTEROSSO GRANA"
"004173","R404","PRADLEVES"
"004234","R404","VALGRANA"
"004243","R404","VIGNOLO"
"004002","R405","AISONE"
"004006","R405","ARGENTERA"
"004079","R405","DEMONTE"
"004093","R405","GAIOLA"
"004123","R405","MOIOLA"
"004167","R405","PIETRAPORZIO"
"004182","R405","RITTANA"
"004191","R405","ROCCASPARVERA"
"004204","R405","SAMBUCO"
"004235","R405","VALLORIATE"
"004248","R405","VINADIO"
"004028","R406","BOVES"
"004068","R406","CHIUSA DI PESIO"
"004163","R406","PEVERAGNO"
"004084","R407","ENTRACQUE"
"004110","R407","LIMONE PIEMONTE"
"004183","R407","ROASCHIA"
"004185","R407","ROBILANTE"
"004192","R407","ROCCAVIONE"
"004233","R407","VALDIERI"
"004239","R407","VERNANTE"
"004041","R408","CARAMAGNA PIEMONTE"
"004045","R408","CASALGRASSO"
"004058","R408","CAVALLERLEONE"
"004059","R408","CAVALLERMAGGIORE"
"004087","R408","FAULE"
"004117","R408","MARENE"
"004128","R408","MONASTEROLO DI SAVIGLIA"
"004146","R408","MURELLO"
"004171","R408","POLONGHERA"
"004179","R408","RACCONIGI"
"004198","R408","RUFFIA"
"004246","R408","VILLANOVA SOLARO"
"004019","R410","BENE VAGIENNA"
"004065","R410","CERVERE"
"004202","R410","SALMOUR"
"004211","R410","SANT ALBANO STURA"
"004232","R410","TRINITA"
"004096","R411","GENOLA"
"004215","R411","SAVIGLIANO"
"004017","R412","BELLINO"
"004032","R412","BRONDELLO"
"004033","R412","BROSSASCO"
"004047","R412","CASTELDELFINO"
"004048","R412","CASTELLAR"
"004075","R412","COSTIGLIOLE SALUZZO"
"004092","R412","FRASSINO"
"004103","R412","ISASCA"
"004116","R412","MANTA"
"004122","R412","MELLE"
"004158","R412","PAGNO"
"004166","R412","PIASCO"
"004172","R412","PONTECHIANALE"
"004197","R412","ROSSANA"
"004205","R412","SAMPEYRE"
"004236","R412","VALMALA"
"004237","R412","VENASCA"
"004240","R412","VERZUOLO"
"004042","R413","CARDE"
"004104","R413","LAGNASCO"
"004143","R413","MORETTA"
"004217","R413","SCARNAFIGI"
"004228","R413","TORRE SAN GIORGIO"
"004009","R414","BAGNOLO PIEMONTE"
"004012","R414","BARGE"
"004085","R414","ENVIE"
"004180","R414","REVELLO"
"004077","R415","CRISSOLO"
"004094","R415","GAMBASCA"
"004121","R415","MARTINIANA PO"
"004154","R415","ONCINO"
"004156","R415","OSTANA"
"004157","R415","PAESANA"
"004181","R415","RIFREDDO"
"004209","R415","SANFRONT"
"004067","R416","CHERASCO"
"004105","R416","LA MORRA"
"004147","R416","NARZOLE"
"004194","R416","RODDI"
"004212","R416","SANTA VITTORIA D ALBA"
"004238","R416","VERDUNO"
"004062","R417","CERESOLE ALBA"
"004170","R417","POCAPAGLIA"
"004208","R417","SANFRE"
"004222","R417","SOMMARIVA DEL BOSCO"
"004223","R417","SOMMARIVA PERNO"
"004004","R418","ALBARETTO DELLA TORRE"
"004007","R418","ARGUELLO"
"004013","R418","BAROLO"
"004020","R418","BENEVELLO"
"004024","R418","BORGOMALE"
"004026","R418","BOSIA"
"004027","R418","BOSSOLASCO"
"004055","R418","CASTIGLIONE FALLETTO"
"004057","R418","CASTINO"
"004063","R418","CERRETTO LANGHE"
"004070","R418","CISSONE"
"004076","R418","CRAVANZANA"
"004080","R418","DIANO D ALBA"
"004088","R418","FEISOGLIO"
"004100","R418","GRINZANE CAVOUR"
"004106","R418","LEQUIO BERRIA"
"004129","R418","MONCHIERO"
"004132","R418","MONFORTE D ALBA"
"004137","R418","MONTELUPO ALBESE"
"004150","R418","NIELLA BELBO"
"004152","R418","NOVELLO"
"004195","R418","RODDINO"
"004196","R418","RODELLO"
"004206","R418","SAN BENEDETTO BELBO"
"004218","R418","SERRALUNGA D ALBA"
"004219","R418","SERRAVALLE LANGHE"
"004220","R418","SINIO"
"004021","R419","BERGOLO"
"004050","R419","CASTELLETTO UZZONE"
"004073","R419","CORTEMILIA"
"004097","R419","GORZEGNO"
"004109","R419","LEVICE"
"004161","R419","PERLETTO"
"004164","R419","PEZZOLO VALLE UZZONE"
"004226","R419","TORRE BORMIDA"
"004010","R420","BALDISSERO D ALBA"
"004037","R420","CANALE"
"004046","R420","CASTAGNITO"
"004051","R420","CASTELLINALDO"
"004072","R420","CORNELIANO D ALBA"
"004099","R420","GOVONE"
"004101","R420","GUARENE"
"004113","R420","MAGLIANO ALFIERI"
"004133","R420","MONTA"
"004135","R420","MONTALDO ROERO"
"004140","R420","MONTEU ROERO"
"004142","R420","MONTICELLO D ALBA"
"004168","R420","PIOBESI D ALBA"
"004176","R420","PRIOCCA"
"004214","R420","SANTO STEFANO ROERO"
"004241","R420","VEZZA D ALBA"
"004011","R421","BARBARESCO"
"004036","R421","CAMO"
"004056","R421","CASTIGLIONE TINELLA"
"004074","R421","COSSANO BELBO"
"004115","R421","MANGO"
"004148","R421","NEIVE"
"004149","R421","NEVIGLIE"
"004193","R421","ROCCHETTA BELBO"
"004213","R421","SANTO STEFANO BELBO"
"004230","R421","TREISO"
"004231","R421","TREZZO TINELLA"
"004030","R422","BRIAGLIA"
"004069","R422","CIGLIE"
"004127","R422","MONASTEROLO CASOTTO"
"004134","R422","MONTALDO DI MONDOVI"
"004151","R422","NIELLA TANARO"
"004159","R422","PAMPARATO"
"004186","R422","ROBURENT"
"004188","R422","ROCCA CIGLIE"
"004210","R422","SAN MICHELE MONDOVI"
"004227","R422","TORRE MONDOVI"
"004242","R422","VICOFORTE"
"004014","R423","BASTIA MONDOVI"
"004018","R423","BELVEDERE LANGHE"
"004023","R423","BONVICINO"
"004043","R423","CARRU"
"004071","R423","CLAVESANA"
"004081","R423","DOGLIANI"
"004086","R423","FARIGLIANO"
"004107","R423","LEQUIO TANARO"
"004114","R423","MAGLIANO ALPI"
"004169","R423","PIOZZO"
"004189","R423","ROCCA DE  BALDI"
"004221","R423","SOMANO"
"004090","R424","FRABOSA SOPRANA"
"004091","R424","FRABOSA SOTTANA"
"004126","R424","MONASTERO DI VASCO"
"004165","R424","PIANFEI"
"004190","R424","ROCCAFORTE MONDOVI"
"004245","R424","VILLANOVA MONDOVI"
"004035","R425","CAMERANA"
"004052","R425","CASTELLINO TANARO"
"004054","R425","CASTELNUOVO DI CEVA"
"004098","R425","GOTTASECCA"
"004102","R425","IGLIANO"
"004108","R425","LESEGNO"
"004120","R425","MARSAGLIA"
"004124","R425","MOMBARCARO"
"004131","R425","MONESIGLIO"
"004141","R425","MONTEZEMOLO"
"004145","R425","MURAZZANO"
"004160","R425","PAROLDO"
"004175","R425","PRIERO"
"004178","R425","PRUNETTO"
"004184","R425","ROASCIO"
"004199","R425","SALE DELLE LANGHE"
"004200","R425","SALE SAN GIOVANNI"
"004201","R425","SALICETO"
"004229","R425","TORRESINA"
"004005","R426","ALTO"
"004008","R426","BAGNASCO"
"004015","R426","BATTIFOLLO"
"004031","R426","BRIGA ALTA"
"004039","R426","CAPRAUNA"
"004095","R426","GARESSIO"
"004111","R426","LISIO"
"004125","R426","MOMBASIGLIO"
"004153","R426","NUCETTO"
"004155","R426","ORMEA"
"004162","R426","PERLO"
"004177","R426","PRIOLA"
"004216","R426","SCAGNELLO"
"004249","R426","VIOLA"
"004003","R427","ALBA"
"004025","R428","BORGO SAN DALMAZZO"
"004029","R429","BRA"
"004066","R430","CEVA"
"004089","R431","FOSSANO"
"004130","R432","MONDOVI"
"004203","R433","SALUZZO"
"005005","R500","ASTI"
"005002","R501","ALBUGNANO"
"005009","R501","BERZANO DI SAN PIETRO"
"005012","R501","BUTTIGLIERA D ASTI"
"005019","R501","CAPRIGLIO"
"005031","R501","CASTELNUOVO DON BOSCO"
"005070","R501","MONCUCCO TORINESE"
"005085","R501","PINO D ASTI"
"005004","R502","ARAMENGO"
"005016","R502","CAMERANO CASASCO"
"005035","R502","CERRETO D ASTI"
"005038","R502","CHIUSANO D ASTI"
"005039","R502","CINAGLIO"
"005042","R502","COCCONATO"
"005044","R502","CORSIONE"
"005046","R502","CORTANZE"
"005049","R502","COSSOMBRATO"
"005051","R502","CUNICO"
"005075","R502","MONTECHIARO D ASTI"
"005079","R502","MORANSENGO"
"005082","R502","PASSERANO MARMORITO"
"005084","R502","PIEA"
"005086","R502","PIOVA  MASSAIA"
"005092","R502","ROBELLA"
"005106","R502","SETTIME"
"005107","R502","SOGLIO"
"005110","R502","TONENGO"
"005114","R502","VIALE D ASTI"
"005119","R502","VILLA SAN SECONDO"
"005121","R502","MONTIGLIO MONFERRATO"
"005007","R503","BALDICHIERI D ASTI"
"005026","R503","CASTELLERO"
"005045","R503","CORTANDONE"
"005047","R503","CORTAZZONE"
"005062","R503","MARETTO"
"005067","R503","MONALE"
"005073","R503","MONTAFIA"
"005091","R503","ROATTO"
"005003","R504","ANTIGNANO"
"005018","R504","CANTARANA"
"005034","R504","CELLE ENOMONDO"
"005040","R504","CISTERNA D ASTI"
"005090","R504","REVIGLIASCO D ASTI"
"005097","R504","SAN DAMIANO D ASTI"
"005099","R504","SAN MARTINO ALFIERI"
"005108","R504","TIGLIOLE"
"005006","R505","AZZANO D ASTI"
"005015","R505","CALOSSO"
"005022","R505","CASTAGNOLE DELLE LANZE"
"005041","R505","COAZZOLO"
"005050","R505","COSTIGLIOLE D ASTI"
"005059","R505","ISOLA D ASTI"
"005071","R505","MONGARDINO"
"005074","R505","MONTALDO SCARAMPI"
"005076","R505","MONTEGROSSO D ASTI"
"005093","R505","ROCCA D ARAZZO"
"005096","R505","ROCCHETTA TANARO"
"005116","R505","VIGLIANO D ASTI"
"005014","R506","CALLIANO"
"005020","R506","CASORZO"
"005023","R506","CASTAGNOLE MONFERRATO"
"005025","R506","CASTELL ALFERO"
"005028","R506","CASTELLO DI ANNONE"
"005036","R506","CERRO TANARO"
"005055","R506","FRINCO"
"005056","R506","GRANA"
"005057","R506","GRAZZANO BADOGLIO"
"005069","R506","MONCALVO"
"005077","R506","MONTEMAGNO"
"005083","R506","PENANGO"
"005087","R506","PORTACOMARO"
"005089","R506","REFRANCORE"
"005103","R506","SCURZOLENGO"
"005109","R506","TONCO"
"005115","R506","VIARIGI"
"005033","R507","CELLARENGO"
"005052","R507","DUSINO SAN MICHELE"
"005053","R507","FERRERE"
"005101","R507","SAN PAOLO SOLBRITO"
"005112","R507","VALFENERA"
"005117","R507","VILLAFRANCA D ASTI"
"005118","R507","VILLANOVA D'ASTI"
"005001","R508","AGLIANO"
"005008","R508","BELVEGLIO"
"005030","R508","CASTELNUOVO CALCEA"
"005048","R508","CORTIGLIONE"
"005058","R508","INCISA SCAPACCINO"
"005066","R508","MOMBERCELLI"
"005111","R508","VAGLIO SERRA"
"005120","R508","VINCHIO"
"005010","R509","BRUNO"
"005024","R509","CASTEL BOGLIONE"
"005027","R509","CASTELLETTO MOLINA"
"005029","R509","CASTELNUOVO BELBO"
"005032","R509","CASTEL ROCCHERO"
"005054","R509","FONTANILE"
"005061","R509","MARANZANA"
"005065","R509","MOMBARUZZO"
"005088","R509","QUARANTI"
"005011","R510","BUBBIO"
"005013","R510","CALAMANDRANA"
"005021","R510","CASSINASCO"
"005037","R510","CESSOLE"
"005060","R510","LOAZZOLO"
"005063","R510","MOASCA"
"005064","R510","MOMBALDONE"
"005068","R510","MONASTERO BORMIDA"
"005072","R510","MONTABONE"
"005081","R510","OLMO GENTILE"
"005094","R510","ROCCAVERANO"
"005095","R510","ROCCHETTA PALAFEA"
"005098","R510","SAN GIORGIO SCARAMPI"
"005100","R510","SAN MARZANO OLIVETO"
"005104","R510","SEROLE"
"005105","R510","SESSAME"
"005113","R510","VESIME"
"005017","R511","CANELLI"
"005080","R512","NIZZA MONFERRATO"
"006003","R600","ALESSANDRIA"
"006015","R601","BERGAMASCO"
"006019","R601","BORGORATTO ALESSANDRINO"
"006021","R601","BOSCO MARENGO"
"006031","R601","CARENTINO"
"006037","R601","CASAL CERMELLI"
"006047","R601","CASTELLAZZO BORMIDA"
"006054","R601","CASTELSPINA"
"006071","R601","FRASCARO"
"006075","R601","FRUGAROLO"
"006078","R601","GAMALERO"
"006091","R601","MASIO"
"006122","R601","OVIGLIO"
"006140","R601","PREDOSA"
"006161","R601","SEZZADIO"
"006051","R602","CASTELLETTO MONFERRATO"
"006064","R602","CUCCARO MONFERRATO"
"006068","R602","FELIZZANO"
"006076","R602","FUBINE"
"006089","R602","LU"
"006141","R602","QUARGNENTO"
"006142","R602","QUATTORDIO"
"006163","R602","SOLERO"
"006013","R603","BASSIGNANA"
"006105","R603","MONTECASTELLO"
"006128","R603","PECETTO DI VALENZA"
"006129","R603","PIETRA MARAZZI"
"006130","R603","PIOVERA"
"006145","R603","RIVARONE"
"006154","R604","SAN SALVATORE MONFERRATO"
"006010","R605","AVOLASCA"
"006016","R605","BERZANO DI TORTONA"
"006024","R605","BRIGNANO FRASCATA"
"006030","R605","CARBONARA SCRIVIA"
"006032","R605","CAREZZANO"
"006040","R605","CASALNOCETO"
"006041","R605","CASASCO"
"006045","R605","CASTELLANIA"
"006046","R605","CASTELLAR GUIDOBONO"
"006058","R605","CERRETO GRUE"
"006062","R605","COSTA VESCOVATO"
"006066","R605","DERNICE"
"006067","R605","FABBRICA CURONE"
"006079","R605","GARBAGNA"
"006083","R605","GREMIASCO"
"006098","R605","MOMPERONE"
"006101","R605","MONLEALE"
"006102","R605","MONTACUTO"
"006107","R605","MONTEGIOCO"
"006108","R605","MONTEMARZINO"
"006124","R605","PADERNA"
"006137","R605","POZZOL GROPPOLO"
"006155","R605","SAN SEBASTIANO CURONE"
"006156","R605","SANT AGATA FOSSILI"
"006158","R605","SAREZZANO"
"006166","R605","SPINETO SCRIVIA"
"006181","R605","VIGUZZOLO"
"006183","R605","VILLALVERNIA"
"006186","R605","VILLAROMAGNANO"
"006188","R605","VOLPEDO"
"006189","R605","VOLPEGLINO"
"006006","R606","ALLUVIONI CAMBIO'"
"006008","R606","ALZANO SCRIVIA"
"006053","R606","CASTELNUOVO SCRIVIA"
"006086","R606","GUAZZORA"
"006087","R606","ISOLA SANT ANTONIO"
"006096","R606","MOLINO DEI TORTI"
"006132","R606","PONTECURONE"
"006151","R606","SALE"
"006002","R607","ALBERA LIGURE"
"006009","R607","ARQUATA SCRIVIA"
"006018","R607","BORGHETTO DI BORBERA"
"006025","R607","CABELLA LIGURE"
"006028","R607","CANTALUPO LIGURE"
"006034","R607","CARREGA LIGURE"
"006042","R607","CASSANO SPINOLA"
"006080","R607","GAVAZZANA"
"006085","R607","GRONDONA"
"006100","R607","MONGIARDINO LIGURE"
"006138","R607","POZZOLO FORMIGARO"
"006146","R607","ROCCAFORTE LIGURE"
"006148","R607","ROCCHETTA LIGURE"
"006157","R607","SARDIGLIANO"
"006160","R607","SERRAVALLE SCRIVIA"
"006167","R607","STAZZANO"
"006180","R607","VIGNOLE BORBERA"
"006012","R608","BASALUZZO"
"006022","R608","BOSIO"
"006029","R608","CAPRIATA D ORBA"
"006035","R608","CARROSIO"
"006069","R608","FRACONALTO"
"006070","R608","FRANCAVILLA BISIO"
"006074","R608","FRESONARA"
"006081","R608","GAVI"
"006126","R608","PARODI LIGURE"
"006127","R608","PASTURANA"
"006152","R608","SAN CRISTOFORO"
"006170","R608","TASSAROLO"
"006190","R608","VOLTAGGIO"
"006014","R609","BELFORTE MONFERRATO"
"006038","R609","CASALEGGIO BOIRO"
"006049","R609","CASTELLETTO D ORBA"
"006088","R609","LERMA"
"006103","R609","MONTALDEO"
"006111","R609","MORNESE"
"006147","R609","ROCCA GRIMALDA"
"006162","R609","SILVANO D ORBA"
"006169","R609","TAGLIOLO MONFERRATO"
"006033","R610","CARPENETO"
"006044","R610","CASSINELLE"
"006063","R610","CREMOLINO"
"006095","R610","MOLARE"
"006176","R610","TRISOBBIO"
"006017","R611","BISTAGNO"
"006036","R611","CARTOSIO"
"006048","R611","CASTELLETTO D ERRO"
"006055","R611","CAVATORE"
"006065","R611","DENICE"
"006090","R611","MALVICINO"
"006092","R611","MELAZZO"
"006093","R611","MERANA"
"006106","R611","MONTECHIARO D ACQUI"
"006125","R611","PARETO"
"006134","R611","PONTI"
"006136","R611","PONZONE"
"006165","R611","SPIGNO MONFERRATO"
"006172","R611","TERZO"
"006005","R612","ALICE BEL COLLE"
"006043","R612","CASSINE"
"006052","R612","CASTELNUOVO BORMIDA"
"006084","R612","GROGNARDO"
"006104","R612","MONTALDO BORMIDA"
"006110","R612","MORBELLO"
"006112","R612","MORSASCO"
"006119","R612","ORSARA BORMIDA"
"006139","R612","PRASCO"
"006143","R612","RICALDONE"
"006144","R612","RIVALTA BORMIDA"
"006168","R612","STREVI"
"006187","R612","VISONE"
"006004","R613","ALFIANO NATTA"
"006027","R613","CAMINO"
"006050","R613","CASTELLETTO MERLI"
"006057","R613","CERESETO"
"006059","R613","CERRINA"
"006060","R613","CONIOLO"
"006077","R613","GABIANO"
"006097","R613","MOMBELLO MONFERRATO"
"006099","R613","MONCESTINO"
"006113","R613","MURISENGO"
"006116","R613","ODALENGO GRANDE"
"006117","R613","ODALENGO PICCOLO"
"006120","R613","OTTIGLIO"
"006123","R613","OZZANO MONFERRATO"
"006133","R613","PONTESTURA"
"006135","R613","PONZANO MONFERRATO"
"006150","R613","SALA MONFERRATO"
"006153","R613","SAN GIORGIO MONFERRATO"
"006159","R613","SERRALUNGA DI CREA"
"006164","R613","SOLONGHELLO"
"006175","R613","TREVILLE"
"006182","R613","VILLADEATI"
"006184","R613","VILLAMIROGLIO"
"006011","R614","BALZOLA"
"006109","R614","MORANO SUL PO"
"006185","R614","VILLANOVA MONFERRATO"
"006007","R615","ALTAVILLA MONFERRATO"
"006020","R615","BORGO SAN MARTINO"
"006023","R615","BOZZOLE"
"006026","R615","CAMAGNA"
"006056","R615","CELLA MONTE"
"006061","R615","CONZANO"
"006072","R615","FRASSINELLO MONFERRATO"
"006073","R615","FRASSINETO PO"
"006082","R615","GIAROLE"
"006094","R615","MIRABELLO MONFERRATO"
"006115","R615","OCCIMIANO"
"006118","R615","OLIVOLA"
"006131","R615","POMARO MONFERRATO"
"006149","R615","ROSIGNANO MONFERRATO"
"006171","R615","TERRUGGIA"
"006173","R615","TICINETO"
"006178","R615","VALMACCA"
"006179","R615","VIGNALE MONFERRATO"
"006001","R616","ACQUI TERME"
"006039","R617","CASALE MONFERRATO"
"006114","R618","NOVI LIGURE"
"006121","R619","OVADA"
"006174","R620","TORTONA"
"006177","R621","VALENZA"
"096004","R700","BIELLA"
"096003","R701","BENNA"
"096006","R701","BORRIANA"
"096012","R701","CANDELO"
"096016","R701","CAVAGLIA"
"096018","R701","CERRIONE"
"096025","R701","DORZANO"
"096026","R701","GAGLIANICO"
"096030","R701","MAGNANO"
"096031","R701","MASSAZZA"
"096047","R701","PONDERANO"
"096054","R701","ROPPOLO"
"096058","R701","SALUSSOLA"
"096059","R701","SANDIGLIANO"
"096076","R701","VERRONE"
"096079","R701","VILLANOVA BIELLESE"
"096080","R701","VIVERONE"
"096081","R701","ZIMONE"
"096082","R701","ZUBIENA"
"096010","R702","CAMBURZANO"
"096024","R702","DONATO"
"096028","R702","GRAGLIA"
"096035","R702","MONGRANDO"
"096038","R702","MUZZANO"
"096039","R702","NETRO"
"096040","R702","OCCHIEPPO INFERIORE"
"096041","R702","OCCHIEPPO SUPERIORE"
"096046","R702","POLLONE"
"096057","R702","SALA BIELLESE"
"096063","R702","SORDEVOLO"
"096069","R702","TORAZZO"
"096002","R703","ANDORNO MICCA"
"096011","R703","CAMPIGLIA CERVO"
"096034","R703","MIAGLIANO"
"096044","R703","PIEDICAVALLO"
"096049","R703","PRALUNGO"
"096052","R703","QUITTENGO"
"096055","R703","ROSAZZA"
"096056","R703","SAGLIANO MICCA"
"096060","R703","SAN PAOLO CERVO"
"096066","R703","TAVIGLIANO"
"096068","R703","TOLLEGNO"
"096001","R704","AILOCHE"
"096008","R704","CALLABIANA"
"096009","R704","CAMANDONA"
"096013","R704","CAPRILE"
"096019","R704","COGGIOLA"
"096021","R704","CREVACUORE"
"096042","R704","PETTINENGO"
"096048","R704","PORTULA"
"096050","R704","PRAY"
"096061","R704","SELVE MARCONE"
"096070","R704","TRIVERO"
"096073","R704","VALLE MOSSO"
"096075","R704","VEGLIO"
"096084","R704","MOSSO"
"096005","R705","BIOGLIO"
"096007","R705","BRUSNENGO"
"096014","R705","CASAPINTA"
"096015","R705","CASTELLETTO CERVO"
"096022","R705","CROSA"
"096023","R705","CURINO"
"096027","R705","GIFFLENGA"
"096029","R705","LESSONA"
"096032","R705","MASSERANO"
"096033","R705","MEZZANA MORTIGLIENGO"
"096037","R705","MOTTALCIATA"
"096062","R705","SOPRANA"
"096064","R705","SOSTEGNO"
"096065","R705","STRONA"
"096078","R705","VILLA DEL BOSCO"
"096017","R706","CERRETO CASTELLO"
"096043","R706","PIATTO"
"096051","R706","QUAREGNA"
"096053","R706","RONCO BIELLESE"
"096067","R706","TERNENGO"
"096071","R706","VALDENGO"
"096072","R706","VALLANZENGO"
"096074","R706","VALLE SAN NICOLAO"
"096077","R706","VIGLIANO BIELLESE"
"096083","R706","ZUMAGLIA"
"096020","R707","COSSATO"
"103072","R800","VERBANIA"
"103003","R801","ARIZZANO"
"103005","R801","AURANO"
"103009","R801","BEE"
"103015","R801","CAMBIASCA"
"103016","R801","CANNERO RIVIERA"
"103017","R801","CANNOBIO"
"103018","R801","CAPREZZO"
"103020","R801","CAVAGLIO SPOCCIA"
"103023","R801","COSSOGNO"
"103027","R801","CURSOLO ORASSO"
"103030","R801","FALMENTA"
"103033","R801","GHIFFA"
"103036","R801","GURRO"
"103037","R801","INTRAGNA"
"103045","R801","MIAZZINA"
"103049","R801","OGGEBBIO"
"103055","R801","PREMENO"
"103061","R801","SAN BERNARDINO VERBANO"
"103066","R801","TRAREGO VIGGIONA"
"103074","R801","VIGNONE"
"103008","R802","BAVENO"
"103010","R802","BELGIRATE"
"103013","R802","BROVELLO CARPUGNINO"
"103034","R802","GIGNESE"
"103064","R802","STRESA"
"103006","R803","BACENO"
"103012","R803","BOGNANCO"
"103025","R803","CREVOLADOSSOLA"
"103026","R803","CRODO"
"103031","R803","FORMAZZA"
"103042","R803","MASERA"
"103046","R803","MONTECRESTESE"
"103056","R803","PREMIA"
"103067","R803","TRASQUERA"
"103068","R803","TRONTANO"
"103071","R803","VARZO"
"103024","R804","CRAVEGGIA"
"103029","R804","DRUOGNO"
"103041","R804","MALESCO"
"103060","R804","RE"
"103062","R804","SANTA MARIA MAGGIORE"
"103065","R804","TOCENO"
"103076","R804","VILLETTE"
"103002","R805","ANZOLA D OSSOLA"
"103044","R805","MERGOZZO"
"103051","R805","ORNAVASSO"
"103057","R805","PREMOSELLO CHIOVENDA"
"103077","R805","VOGOGNA"
"103001","R806","ANTRONA SCHIERANCO"
"103011","R806","BEURA CARDEZZA"
"103047","R806","MONTESCHENO"
"103052","R806","PALLANZENO"
"103063","R806","SEPPIANA"
"103073","R806","VIGANELLA"
"103075","R806","VILLADOSSOLA"
"103007","R807","BANNIO ANZINO"
"103014","R807","CALASCA CASTIGLIONE"
"103021","R807","CEPPO MORELLI"
"103039","R807","MACUGNAGA"
"103053","R807","PIEDIMULERA"
"103054","R807","PIEVE VERGONTE"
"103070","R807","VANZONE CON SAN CARLO"
"103004","R808","AROLA"
"103019","R808","CASALE CORTE CERRO"
"103022","R808","CESARA"
"103032","R808","GERMAGNO"
"103035","R808","GRAVELLONA TOCE"
"103038","R808","LOREGLIA"
"103040","R808","MADONNA DEL SASSO"
"103043","R808","MASSIOLA"
"103048","R808","NONIO"
"103058","R808","QUARNA SOPRA"
"103059","R808","QUARNA SOTTO"
"103069","R808","VALSTRONA"
"103028","R809","DOMODOSSOLA"
"103050","R810","OMEGNA"
